order_id,order_date,customer_id,item_name,category,unit_price,unit_cost,quantity,discount_percent,payment_method,table_id,waiter,tax_rate
1,2025-01-01,15,Pizza Margherita,Food,8.58,2.53,3,0,pos,7,Luca,10
2,2025-01-01,4,Pizza Diavola,Food,8.02,2.97,1,10,pos,11,Giulia,10
3,2025-01-01,29,Birra,Drink,8.62,3.65,3,0,card,5,Marco,22
4,2025-01-01,28,Acqua,Drink,6.21,1.67,1,0,cash,12,Giulia,22
5,2025-01-01,69,Pizza Diavola,Food,6.02,1.86,2,10,pos,4,Luca,22
6,2025-01-01,6,Lasagna,Food,17.81,7.5,2,0,card,8,Sara,22
7,2025-01-01,21,Acqua,Drink,7.72,2.34,2,0,pos,12,Marco,10
8,2025-01-01,21,Birra,Drink,8.51,3.7,2,10,pos,6,Luca,10
9,2025-01-01,30,Pizza Margherita,Food,10.22,2.69,2,10,cash,11,Giulia,22
10,2025-01-01,51,Birra,Drink,8.44,2.53,1,10,pos,10,Giulia,22
11,2025-01-01,115,Tiramisù,Dessert,9.71,4.36,2,0,cash,13,Luca,22
12,2025-01-01,111,Pizza Diavola,Food,13.16,5.37,1,5,card,7,Giulia,10
13,2025-01-01,68,Insalata,Food,16.19,4.08,3,0,pos,6,Luca,22
14,2025-01-01,38,Vino Rosso,Drink,10.9,4.8,1,0,pos,15,Luca,10
15,2025-01-01,112,Insalata,Food,11.6,3.36,3,0,pos,13,Luca,10
16,2025-01-02,42,Birra,Drink,6.45,2.08,1,0,cash,4,Luca,10
17,2025-01-02,11,Birra,Drink,17.71,6.31,1,0,pos,8,Marco,10
18,2025-01-02,34,Caffè,Drink,10.5,3.07,3,10,pos,5,Giulia,10
19,2025-01-02,86,Acqua,Drink,16.69,5.68,2,0,cash,6,Luca,10
20,2025-01-02,76,Caffè,Drink,12.65,3.18,1,0,cash,15,Luca,10
21,2025-01-02,111,Acqua,Drink,11.68,3.57,1,5,pos,3,Giulia,10
22,2025-01-02,32,Birra,Drink,7.48,2.02,2,5,card,7,Giulia,22
23,2025-01-02,111,Pizza Margherita,Food,13.49,5.12,3,0,pos,6,Luca,22
24,2025-01-02,32,Lasagna,Food,11.97,3.33,1,0,card,4,Luca,22
25,2025-01-02,57,Caffè,Drink,5.66,2.55,1,0,cash,3,Giulia,10
26,2025-01-02,63,Birra,Drink,16.24,6.99,1,0,cash,7,Sara,22
27,2025-01-02,119,Birra,Drink,10.5,4.64,2,10,cash,4,Sara,22
28,2025-01-02,28,Pizza Margherita,Food,14.56,3.82,3,0,cash,10,Giulia,10
29,2025-01-02,65,Caffè,Drink,5.74,2.02,1,0,pos,2,Marco,10
30,2025-01-03,16,Tiramisù,Dessert,12.53,3.23,1,0,pos,10,Sara,22
31,2025-01-03,120,Insalata,Food,13.71,4.29,1,0,cash,11,Sara,22
32,2025-01-03,59,Acqua,Drink,5.12,1.92,1,10,cash,9,Marco,10
33,2025-01-03,65,Insalata,Food,17.13,7.3,1,0,card,3,Giulia,22
34,2025-01-03,107,Caffè,Drink,8.93,3.99,3,10,pos,14,Sara,10
35,2025-01-03,120,Pizza Diavola,Food,8.44,3.61,1,10,card,5,Marco,10
36,2025-01-03,92,Acqua,Drink,13.94,5.86,1,10,card,15,Luca,22
37,2025-01-03,12,Vino Rosso,Drink,5.57,1.76,2,0,cash,12,Giulia,22
38,2025-01-03,71,Vino Rosso,Drink,5.13,1.36,3,0,card,10,Marco,10
39,2025-01-03,56,Pasta Carbonara,Food,9.01,3.87,1,0,cash,11,Marco,22
40,2025-01-03,86,Pizza Diavola,Food,15.14,6.46,2,5,cash,14,Marco,10
41,2025-01-04,113,Vino Rosso,Drink,7.33,3.19,1,5,card,3,Luca,10
42,2025-01-04,49,Pizza Margherita,Food,7.89,3.26,2,5,card,14,Marco,22
43,2025-01-04,29,Pizza Margherita,Food,7.51,2.37,3,0,card,11,Giulia,22
44,2025-01-04,87,Caffè,Drink,17.21,4.7,2,0,pos,5,Luca,10
45,2025-01-04,14,Tiramisù,Dessert,9.49,3.87,2,5,card,15,Marco,10
46,2025-01-04,33,Pizza Margherita,Food,10.67,3.78,3,10,card,7,Luca,10
47,2025-01-04,86,Acqua,Drink,9.08,3.81,3,0,pos,7,Sara,22
48,2025-01-05,90,Insalata,Food,6.65,2.22,3,5,pos,10,Sara,10
49,2025-01-05,52,Caffè,Drink,8.95,2.61,1,10,card,8,Giulia,22
50,2025-01-05,87,Lasagna,Food,11.15,4.8,3,0,card,9,Sara,10
51,2025-01-05,12,Lasagna,Food,9.04,3.72,3,0,cash,4,Giulia,10
52,2025-01-05,79,Pizza Diavola,Food,10.39,3.91,2,0,card,7,Marco,22
53,2025-01-05,19,Pizza Margherita,Food,15.12,4.44,1,10,cash,9,Marco,22
54,2025-01-05,118,Pizza Diavola,Food,6.73,2.31,2,10,card,10,Giulia,22
55,2025-01-05,107,Caffè,Drink,16.66,6.64,2,5,card,13,Marco,22
56,2025-01-05,108,Insalata,Food,11.3,3.37,3,5,pos,5,Marco,10
57,2025-01-05,35,Acqua,Drink,16.61,4.42,2,0,card,12,Marco,10
58,2025-01-05,91,Lasagna,Food,10.39,3.29,1,5,cash,4,Giulia,22
59,2025-01-06,116,Tiramisù,Dessert,5.25,2.24,3,10,card,1,Sara,22
60,2025-01-06,39,Vino Rosso,Drink,12.0,4.76,2,10,card,4,Sara,10
61,2025-01-06,56,Birra,Drink,10.06,3.86,1,5,card,15,Marco,10
62,2025-01-06,80,Caffè,Drink,16.79,6.19,1,0,pos,7,Marco,10
63,2025-01-06,111,Birra,Drink,5.65,1.84,1,0,card,6,Giulia,22
64,2025-01-06,36,Vino Rosso,Drink,15.85,5.45,2,10,card,4,Luca,10
65,2025-01-06,100,Pizza Margherita,Food,17.34,5.03,1,0,cash,3,Giulia,10
66,2025-01-06,86,Pizza Diavola,Food,17.32,5.94,3,0,cash,10,Luca,22
67,2025-01-06,100,Pasta Carbonara,Food,6.41,1.64,2,0,card,12,Marco,22
68,2025-01-06,10,Tiramisù,Dessert,15.8,4.72,3,0,pos,13,Luca,10
69,2025-01-06,45,Caffè,Drink,13.6,3.59,2,0,card,14,Giulia,10
70,2025-01-07,56,Acqua,Drink,16.59,5.67,3,0,cash,12,Sara,22
71,2025-01-07,79,Caffè,Drink,11.04,4.58,2,10,card,14,Marco,22
72,2025-01-07,107,Pizza Diavola,Food,16.46,4.92,2,5,card,1,Giulia,22
73,2025-01-07,109,Acqua,Drink,11.34,3.64,1,0,card,15,Sara,22
74,2025-01-07,72,Pizza Margherita,Food,17.32,4.63,3,5,pos,13,Marco,22
75,2025-01-07,89,Birra,Drink,14.25,4.84,3,0,card,4,Giulia,10
76,2025-01-08,40,Tiramisù,Dessert,11.15,3.97,2,5,card,12,Giulia,22
77,2025-01-08,35,Insalata,Food,8.0,3.15,2,0,pos,9,Marco,10
78,2025-01-08,25,Lasagna,Food,11.29,4.46,3,10,cash,14,Marco,22
79,2025-01-08,38,Lasagna,Food,7.33,1.85,2,10,card,1,Luca,10
80,2025-01-08,71,Insalata,Food,17.27,6.52,3,5,cash,10,Sara,10
81,2025-01-08,61,Birra,Drink,9.43,4.18,2,0,cash,14,Luca,22
82,2025-01-08,52,Birra,Drink,12.5,4.84,1,0,pos,5,Luca,10
83,2025-01-08,32,Pizza Diavola,Food,14.94,5.55,3,10,pos,7,Giulia,10
84,2025-01-09,39,Tiramisù,Dessert,8.97,3.36,2,10,cash,11,Marco,10
85,2025-01-09,34,Pizza Diavola,Food,8.12,2.93,1,0,card,8,Giulia,10
86,2025-01-09,38,Pizza Margherita,Food,8.75,2.68,1,5,pos,4,Sara,10
87,2025-01-09,101,Tiramisù,Dessert,15.45,4.47,3,0,pos,3,Sara,10
88,2025-01-09,106,Pasta Carbonara,Food,5.78,2.36,1,10,card,2,Giulia,22
89,2025-01-09,89,Insalata,Food,10.23,3.11,3,10,card,2,Luca,22
90,2025-01-09,114,Vino Rosso,Drink,9.19,2.76,3,0,pos,14,Luca,10
91,2025-01-09,98,Insalata,Food,5.52,2.21,3,5,card,3,Giulia,22
92,2025-01-09,82,Birra,Drink,11.11,3.68,1,0,cash,6,Giulia,10
93,2025-01-09,89,Birra,Drink,13.61,4.49,2,10,card,2,Sara,10
94,2025-01-09,33,Acqua,Drink,17.61,5.83,1,10,pos,14,Giulia,10
95,2025-01-09,53,Pizza Margherita,Food,11.74,4.4,1,5,cash,4,Sara,22
96,2025-01-10,17,Insalata,Food,16.45,5.71,2,0,pos,3,Sara,10
97,2025-01-10,71,Pizza Margherita,Food,10.3,3.04,3,0,cash,11,Marco,22
98,2025-01-10,64,Insalata,Food,14.17,4.72,3,5,cash,8,Marco,22
99,2025-01-10,50,Lasagna,Food,11.61,4.94,3,0,card,6,Sara,22
100,2025-01-10,106,Pizza Margherita,Food,14.44,6.03,2,10,cash,8,Giulia,22
101,2025-01-10,45,Acqua,Drink,14.92,4.86,3,0,pos,4,Giulia,10
102,2025-01-10,30,Vino Rosso,Drink,9.14,3.15,1,5,pos,13,Marco,22
103,2025-01-10,64,Pizza Margherita,Food,11.53,4.24,1,0,cash,9,Giulia,22
104,2025-01-10,2,Pasta Carbonara,Food,16.32,7.25,2,0,card,6,Giulia,22
105,2025-01-10,84,Pizza Diavola,Food,16.08,6.78,2,5,pos,12,Giulia,22
106,2025-01-10,112,Caffè,Drink,13.03,3.87,1,0,pos,2,Giulia,10
107,2025-01-10,13,Pizza Diavola,Food,7.16,2.22,2,0,card,13,Luca,10
108,2025-01-10,38,Acqua,Drink,10.6,3.17,2,5,cash,3,Luca,10
109,2025-01-11,112,Vino Rosso,Drink,13.88,4.85,3,10,cash,8,Sara,10
110,2025-01-11,59,Insalata,Food,5.12,2.1,3,0,cash,8,Sara,10
111,2025-01-11,76,Insalata,Food,17.51,6.79,3,5,cash,7,Giulia,22
112,2025-01-11,14,Lasagna,Food,12.43,4.54,2,0,pos,7,Sara,10
113,2025-01-11,2,Tiramisù,Dessert,15.12,6.72,3,10,card,13,Marco,22
114,2025-01-11,78,Acqua,Drink,13.28,4.97,1,0,pos,11,Luca,10
115,2025-01-11,40,Birra,Drink,12.53,4.97,1,0,card,12,Giulia,22
116,2025-01-11,23,Lasagna,Food,15.22,6.47,1,0,cash,5,Giulia,22
117,2025-01-11,104,Insalata,Food,16.32,6.71,3,5,cash,13,Marco,10
118,2025-01-11,111,Vino Rosso,Drink,9.76,3.98,3,0,pos,2,Giulia,22
119,2025-01-11,48,Insalata,Food,9.95,3.76,3,0,pos,4,Giulia,10
120,2025-01-11,4,Tiramisù,Dessert,9.26,3.44,3,0,pos,5,Giulia,22
121,2025-01-11,15,Pasta Carbonara,Food,17.3,5.38,1,5,cash,4,Marco,10
122,2025-01-11,50,Birra,Drink,13.72,5.47,2,10,pos,12,Marco,22
123,2025-01-12,84,Pizza Diavola,Food,13.0,5.69,2,0,pos,6,Marco,10
124,2025-01-12,57,Birra,Drink,16.12,4.35,1,0,cash,7,Sara,22
125,2025-01-12,25,Pizza Diavola,Food,6.19,1.81,2,10,cash,13,Sara,10
126,2025-01-12,32,Pasta Carbonara,Food,7.67,3.19,3,10,pos,4,Marco,10
127,2025-01-12,43,Pasta Carbonara,Food,5.04,2.13,3,0,pos,5,Marco,10
128,2025-01-12,15,Pizza Margherita,Food,5.19,2.12,1,0,cash,3,Sara,22
129,2025-01-12,7,Pasta Carbonara,Food,10.47,2.86,3,0,card,13,Sara,22
130,2025-01-12,66,Tiramisù,Dessert,10.88,3.2,1,10,pos,13,Sara,10
131,2025-01-12,59,Pizza Margherita,Food,17.98,7.54,1,5,card,12,Giulia,10
132,2025-01-12,10,Pizza Diavola,Food,12.91,3.4,2,0,card,10,Sara,22
133,2025-01-12,59,Caffè,Drink,10.59,4.33,3,0,card,8,Marco,10
134,2025-01-13,44,Birra,Drink,10.41,2.8,2,5,pos,5,Sara,22
135,2025-01-13,20,Birra,Drink,6.19,1.65,1,5,pos,12,Sara,10
136,2025-01-13,104,Pasta Carbonara,Food,5.78,2.55,3,10,pos,2,Giulia,22
137,2025-01-13,46,Vino Rosso,Drink,5.67,1.74,3,0,cash,10,Marco,22
138,2025-01-13,20,Birra,Drink,16.01,5.12,1,10,cash,13,Sara,22
139,2025-01-13,74,Lasagna,Food,15.99,7.11,2,10,pos,15,Sara,10
140,2025-01-13,4,Pasta Carbonara,Food,14.14,4.41,2,0,cash,3,Marco,22
141,2025-01-13,73,Vino Rosso,Drink,6.84,2.58,1,0,pos,9,Marco,10
142,2025-01-13,49,Vino Rosso,Drink,9.43,3.06,2,0,cash,3,Marco,10
143,2025-01-13,97,Tiramisù,Dessert,13.76,4.19,1,5,pos,8,Giulia,22
144,2025-01-13,35,Lasagna,Food,6.48,2.18,3,0,pos,11,Sara,22
145,2025-01-14,29,Vino Rosso,Drink,5.71,1.66,3,0,card,5,Sara,10
146,2025-01-14,16,Pizza Margherita,Food,14.71,4.19,2,5,pos,9,Sara,10
147,2025-01-14,10,Vino Rosso,Drink,5.55,1.41,3,0,pos,7,Giulia,22
148,2025-01-14,91,Vino Rosso,Drink,6.5,1.65,2,0,pos,8,Sara,10
149,2025-01-14,12,Vino Rosso,Drink,8.16,3.0,1,10,card,14,Sara,10
150,2025-01-15,29,Acqua,Drink,5.99,2.26,1,10,card,6,Marco,10
151,2025-01-15,31,Pizza Diavola,Food,8.33,2.37,1,0,cash,13,Giulia,10
152,2025-01-15,60,Tiramisù,Dessert,10.84,4.71,3,10,pos,6,Marco,22
153,2025-01-15,57,Pizza Diavola,Food,10.75,3.34,2,0,card,9,Luca,10
154,2025-01-15,40,Birra,Drink,5.49,1.78,2,0,pos,14,Luca,10
155,2025-01-15,79,Tiramisù,Dessert,10.0,3.66,3,0,pos,11,Marco,22
156,2025-01-15,42,Tiramisù,Dessert,11.52,5.09,2,5,card,12,Luca,10
157,2025-01-15,65,Pasta Carbonara,Food,8.22,2.77,1,5,card,6,Sara,10
158,2025-01-15,50,Vino Rosso,Drink,13.83,3.6,2,0,card,2,Giulia,10
159,2025-01-15,37,Insalata,Food,16.07,7.12,3,10,card,2,Marco,10
160,2025-01-16,40,Vino Rosso,Drink,12.74,5.58,1,0,pos,13,Sara,22
161,2025-01-16,105,Pasta Carbonara,Food,14.14,6.21,3,10,pos,11,Giulia,10
162,2025-01-16,66,Acqua,Drink,9.71,2.78,1,0,card,4,Marco,22
163,2025-01-16,18,Pasta Carbonara,Food,8.85,3.61,1,10,pos,6,Marco,10
164,2025-01-16,77,Vino Rosso,Drink,7.11,2.96,1,10,pos,8,Luca,10
165,2025-01-16,53,Acqua,Drink,14.35,6.37,3,10,pos,13,Giulia,22
166,2025-01-16,30,Caffè,Drink,9.02,3.71,1,5,card,11,Giulia,10
167,2025-01-16,60,Insalata,Food,11.54,3.85,2,0,pos,3,Sara,10
168,2025-01-16,7,Birra,Drink,12.21,3.3,2,10,card,2,Marco,10
169,2025-01-16,35,Birra,Drink,6.92,2.34,3,0,card,15,Luca,22
170,2025-01-17,7,Vino Rosso,Drink,9.86,3.23,3,0,cash,1,Sara,22
171,2025-01-17,120,Pizza Diavola,Food,13.45,5.49,3,0,card,15,Giulia,10
172,2025-01-17,90,Pasta Carbonara,Food,11.1,4.14,3,0,card,4,Marco,10
173,2025-01-17,71,Tiramisù,Dessert,10.5,4.25,3,0,cash,1,Marco,22
174,2025-01-17,54,Tiramisù,Dessert,5.82,2.43,2,5,pos,9,Marco,10
175,2025-01-17,92,Pasta Carbonara,Food,10.58,3.95,2,0,cash,11,Luca,22
176,2025-01-17,68,Acqua,Drink,17.39,6.24,1,10,card,14,Giulia,10
177,2025-01-17,6,Vino Rosso,Drink,8.3,2.1,2,0,cash,12,Luca,22
178,2025-01-17,99,Tiramisù,Dessert,14.84,4.11,3,0,pos,3,Giulia,22
179,2025-01-17,90,Birra,Drink,7.37,2.04,3,5,card,4,Luca,10
180,2025-01-17,102,Lasagna,Food,9.1,2.84,1,5,card,1,Marco,22
181,2025-01-18,46,Pizza Margherita,Food,9.32,2.56,3,0,card,12,Giulia,22
182,2025-01-18,115,Vino Rosso,Drink,17.66,6.17,2,5,pos,5,Luca,22
183,2025-01-18,94,Vino Rosso,Drink,10.6,4.76,1,0,card,2,Luca,22
184,2025-01-18,42,Insalata,Food,10.8,4.25,2,0,card,8,Luca,22
185,2025-01-18,94,Acqua,Drink,17.98,5.48,3,0,pos,11,Giulia,10
186,2025-01-18,47,Caffè,Drink,13.83,6.09,3,0,cash,3,Luca,22
187,2025-01-18,31,Acqua,Drink,9.98,3.63,2,10,pos,8,Sara,10
188,2025-01-18,48,Birra,Drink,12.46,4.43,1,5,pos,5,Marco,22
189,2025-01-18,15,Pizza Margherita,Food,7.42,2.62,3,10,card,13,Sara,10
190,2025-01-19,28,Tiramisù,Dessert,14.02,6.31,2,0,cash,14,Luca,10
191,2025-01-19,58,Pasta Carbonara,Food,10.79,2.89,3,0,pos,2,Sara,22
192,2025-01-19,115,Insalata,Food,14.25,6.21,1,0,pos,4,Luca,22
193,2025-01-19,26,Pasta Carbonara,Food,15.27,3.9,1,10,card,13,Marco,22
194,2025-01-19,79,Pizza Diavola,Food,9.02,4.06,1,5,card,14,Luca,22
195,2025-01-19,17,Acqua,Drink,5.96,2.05,3,10,cash,15,Marco,22
196,2025-01-19,99,Pasta Carbonara,Food,11.54,4.89,2,0,card,3,Marco,10
197,2025-01-19,42,Lasagna,Food,17.32,6.13,2,0,card,4,Sara,10
198,2025-01-19,17,Insalata,Food,11.94,4.19,3,0,cash,11,Sara,10
199,2025-01-19,108,Tiramisù,Dessert,15.73,4.02,1,0,pos,4,Giulia,22
200,2025-01-19,80,Pizza Margherita,Food,16.56,5.95,2,0,cash,13,Giulia,22
201,2025-01-19,39,Birra,Drink,13.95,3.93,1,5,card,4,Sara,22
202,2025-01-20,19,Acqua,Drink,9.15,4.1,3,0,cash,13,Sara,22
203,2025-01-20,66,Caffè,Drink,9.15,3.14,1,0,cash,3,Luca,22
204,2025-01-20,7,Insalata,Food,16.23,5.41,2,0,pos,12,Sara,22
205,2025-01-20,25,Pasta Carbonara,Food,17.95,6.16,2,0,cash,2,Giulia,22
206,2025-01-20,65,Birra,Drink,7.8,2.5,1,0,card,10,Giulia,22
207,2025-01-20,37,Caffè,Drink,16.01,5.38,1,0,card,6,Luca,22
208,2025-01-20,52,Pizza Margherita,Food,12.3,3.97,3,0,card,9,Giulia,10
209,2025-01-20,98,Caffè,Drink,15.73,5.89,2,10,cash,2,Giulia,10
210,2025-01-20,48,Acqua,Drink,17.21,6.9,3,0,pos,1,Luca,22
211,2025-01-20,5,Pasta Carbonara,Food,9.33,3.22,3,5,pos,15,Marco,10
212,2025-01-20,42,Tiramisù,Dessert,7.11,3.19,2,0,pos,14,Giulia,22
213,2025-01-20,91,Tiramisù,Dessert,11.17,2.83,2,0,card,10,Sara,10
214,2025-01-20,102,Pizza Margherita,Food,11.17,4.95,3,10,pos,1,Giulia,10
215,2025-01-20,22,Caffè,Drink,14.38,5.82,3,5,pos,4,Luca,10
216,2025-01-21,90,Pizza Diavola,Food,5.25,1.64,1,0,pos,4,Giulia,22
217,2025-01-21,65,Tiramisù,Dessert,16.35,6.49,2,0,pos,4,Sara,10
218,2025-01-21,85,Birra,Drink,9.9,4.37,3,5,pos,6,Sara,22
219,2025-01-21,79,Birra,Drink,17.45,5.34,1,0,card,13,Sara,10
220,2025-01-21,91,Lasagna,Food,14.16,4.44,3,0,card,2,Giulia,22
221,2025-01-21,115,Vino Rosso,Drink,17.41,7.15,2,0,card,12,Luca,10
222,2025-01-21,45,Birra,Drink,8.33,2.88,3,0,pos,12,Sara,22
223,2025-01-21,18,Pizza Diavola,Food,14.63,4.36,3,0,pos,4,Luca,10
224,2025-01-21,13,Vino Rosso,Drink,14.33,3.87,2,0,pos,15,Marco,10
225,2025-01-21,53,Birra,Drink,13.46,5.4,2,0,card,11,Luca,22
226,2025-01-21,117,Pizza Diavola,Food,12.46,4.45,3,0,card,15,Marco,10
227,2025-01-21,120,Pizza Margherita,Food,15.24,4.38,2,0,cash,5,Luca,10
228,2025-01-21,119,Acqua,Drink,10.91,4.13,2,10,cash,14,Giulia,22
229,2025-01-21,35,Lasagna,Food,9.3,3.68,1,0,cash,12,Sara,10
230,2025-01-22,73,Lasagna,Food,12.94,4.89,1,5,pos,6,Luca,22
231,2025-01-22,52,Pizza Diavola,Food,17.76,6.14,1,0,card,7,Marco,10
232,2025-01-22,58,Insalata,Food,8.93,3.52,2,0,pos,6,Marco,22
233,2025-01-22,8,Pizza Diavola,Food,8.99,2.98,2,10,pos,2,Sara,22
234,2025-01-22,48,Tiramisù,Dessert,7.85,2.17,1,0,pos,10,Sara,22
235,2025-01-22,54,Caffè,Drink,14.85,6.09,2,0,pos,13,Luca,10
236,2025-01-22,68,Birra,Drink,14.15,3.76,3,10,cash,14,Marco,10
237,2025-01-22,74,Caffè,Drink,7.14,3.01,1,5,pos,4,Giulia,10
238,2025-01-22,12,Caffè,Drink,15.51,5.28,2,10,card,10,Luca,22
239,2025-01-23,60,Insalata,Food,5.28,1.59,3,0,pos,2,Luca,10
240,2025-01-23,55,Acqua,Drink,5.83,2.62,3,0,cash,5,Giulia,22
241,2025-01-23,24,Pasta Carbonara,Food,17.72,6.72,3,5,card,8,Giulia,22
242,2025-01-23,49,Pizza Diavola,Food,17.53,7.45,3,0,cash,3,Giulia,22
243,2025-01-23,68,Pasta Carbonara,Food,17.72,7.39,3,0,card,11,Giulia,22
244,2025-01-23,69,Vino Rosso,Drink,8.22,2.62,1,0,pos,13,Luca,10
245,2025-01-23,5,Vino Rosso,Drink,14.96,6.38,3,0,cash,2,Luca,10
246,2025-01-23,77,Pizza Margherita,Food,12.77,4.99,2,0,pos,1,Giulia,10
247,2025-01-23,57,Lasagna,Food,7.82,3.31,3,0,pos,5,Marco,10
248,2025-01-23,105,Tiramisù,Dessert,12.51,5.06,2,0,card,15,Marco,10
249,2025-01-23,85,Caffè,Drink,10.38,3.17,1,10,pos,11,Giulia,10
250,2025-01-23,72,Birra,Drink,17.64,7.73,1,5,pos,7,Giulia,22
251,2025-01-23,20,Insalata,Food,7.39,2.64,2,0,card,14,Marco,10
252,2025-01-24,118,Pizza Margherita,Food,10.36,3.45,3,10,card,4,Sara,10
253,2025-01-24,27,Acqua,Drink,6.03,2.05,3,0,pos,12,Marco,10
254,2025-01-24,7,Insalata,Food,13.76,5.1,2,0,pos,12,Marco,10
255,2025-01-24,62,Lasagna,Food,8.94,3.86,2,0,pos,2,Giulia,10
256,2025-01-24,118,Lasagna,Food,12.86,3.74,3,0,card,7,Giulia,22
257,2025-01-24,69,Acqua,Drink,8.4,2.96,2,5,cash,13,Giulia,22
258,2025-01-24,98,Acqua,Drink,9.82,3.27,1,10,pos,3,Luca,10
259,2025-01-24,34,Caffè,Drink,12.53,4.18,3,0,card,4,Giulia,10
260,2025-01-24,73,Lasagna,Food,12.16,5.33,2,0,card,12,Giulia,22
261,2025-01-24,59,Pasta Carbonara,Food,15.33,4.35,3,10,cash,15,Luca,22
262,2025-01-24,68,Pizza Margherita,Food,17.29,6.63,1,0,cash,14,Marco,22
263,2025-01-24,9,Pasta Carbonara,Food,7.84,2.68,1,0,pos,8,Luca,22
264,2025-01-25,69,Caffè,Drink,5.15,1.83,2,0,cash,9,Giulia,22
265,2025-01-25,104,Pasta Carbonara,Food,16.93,6.01,1,0,pos,9,Sara,10
266,2025-01-25,105,Acqua,Drink,15.33,4.07,2,5,pos,4,Marco,22
267,2025-01-25,39,Pizza Diavola,Food,17.89,6.8,3,0,card,7,Giulia,10
268,2025-01-25,71,Birra,Drink,13.28,5.19,1,0,card,11,Sara,22
269,2025-01-26,110,Pizza Diavola,Food,16.95,5.02,3,10,card,1,Luca,22
270,2025-01-26,88,Insalata,Food,12.33,3.16,3,0,cash,10,Marco,10
271,2025-01-26,97,Vino Rosso,Drink,8.89,3.23,1,10,pos,15,Sara,22
272,2025-01-26,50,Pasta Carbonara,Food,14.41,5.05,3,0,cash,7,Marco,10
273,2025-01-26,108,Pizza Diavola,Food,12.87,4.8,2,10,card,1,Sara,22
274,2025-01-26,101,Birra,Drink,7.97,2.87,2,5,cash,11,Giulia,22
275,2025-01-26,11,Tiramisù,Dessert,15.37,6.03,2,0,cash,7,Marco,22
276,2025-01-26,95,Vino Rosso,Drink,9.69,2.6,2,0,card,13,Sara,22
277,2025-01-26,14,Pasta Carbonara,Food,7.44,2.53,1,10,cash,1,Luca,22
278,2025-01-26,46,Caffè,Drink,12.76,5.19,1,5,card,7,Giulia,10
279,2025-01-26,100,Pizza Diavola,Food,16.71,7.2,3,0,pos,7,Marco,10
280,2025-01-26,18,Insalata,Food,8.49,2.37,2,0,card,7,Sara,22
281,2025-01-26,62,Pizza Diavola,Food,8.27,2.48,2,5,card,2,Marco,10
282,2025-01-26,39,Pizza Margherita,Food,9.32,3.49,2,0,card,7,Marco,22
283,2025-01-27,42,Tiramisù,Dessert,7.61,2.38,3,5,card,12,Giulia,22
284,2025-01-27,74,Lasagna,Food,9.89,4.09,2,5,cash,15,Marco,22
285,2025-01-27,76,Caffè,Drink,13.86,4.99,1,5,card,13,Sara,10
286,2025-01-27,107,Pizza Diavola,Food,13.75,3.82,2,0,card,11,Marco,10
287,2025-01-27,92,Vino Rosso,Drink,5.96,2.67,2,5,pos,9,Giulia,22
288,2025-01-27,70,Pizza Margherita,Food,14.12,5.82,2,10,cash,13,Marco,10
289,2025-01-27,85,Acqua,Drink,13.41,3.47,1,5,card,2,Luca,22
290,2025-01-27,13,Insalata,Food,11.64,4.12,1,10,card,6,Giulia,10
291,2025-01-27,60,Tiramisù,Dessert,11.51,3.67,3,0,cash,5,Giulia,22
292,2025-01-28,15,Pasta Carbonara,Food,9.05,3.09,2,0,card,8,Luca,22
293,2025-01-28,57,Birra,Drink,5.87,1.52,2,0,card,11,Luca,10
294,2025-01-28,87,Pasta Carbonara,Food,8.17,2.33,3,0,pos,7,Giulia,22
295,2025-01-28,30,Vino Rosso,Drink,7.4,2.8,3,5,cash,12,Marco,22
296,2025-01-28,58,Tiramisù,Dessert,10.05,3.93,2,0,pos,13,Luca,22
297,2025-01-28,74,Pizza Diavola,Food,7.43,2.34,3,5,card,11,Giulia,10
298,2025-01-29,82,Acqua,Drink,10.05,3.3,3,0,card,14,Giulia,22
299,2025-01-29,80,Pasta Carbonara,Food,14.18,4.39,3,10,pos,3,Sara,10
300,2025-01-29,16,Lasagna,Food,6.52,2.12,2,0,card,10,Marco,22
301,2025-01-29,74,Vino Rosso,Drink,7.41,2.79,2,0,card,5,Marco,10
302,2025-01-29,24,Acqua,Drink,13.05,5.52,2,0,cash,4,Giulia,22
303,2025-01-29,72,Caffè,Drink,11.43,4.42,3,5,card,3,Luca,22
304,2025-01-29,73,Pizza Margherita,Food,8.8,2.68,1,10,cash,13,Giulia,22
305,2025-01-29,73,Birra,Drink,11.64,4.24,3,0,pos,14,Luca,22
306,2025-01-29,98,Birra,Drink,7.84,2.63,3,0,cash,8,Sara,22
307,2025-01-29,45,Pizza Diavola,Food,16.25,4.44,2,0,pos,10,Sara,10
308,2025-01-29,111,Tiramisù,Dessert,10.57,3.95,3,0,cash,10,Sara,10
309,2025-01-29,69,Insalata,Food,12.0,3.78,3,0,pos,5,Luca,22
310,2025-01-29,18,Vino Rosso,Drink,17.9,7.58,1,0,cash,3,Sara,10
311,2025-01-30,98,Vino Rosso,Drink,6.85,2.58,2,5,card,2,Luca,22
312,2025-01-30,52,Caffè,Drink,8.62,3.77,3,0,card,6,Luca,22
313,2025-01-30,112,Pizza Diavola,Food,17.64,6.65,3,0,pos,7,Marco,10
314,2025-01-30,55,Lasagna,Food,8.49,3.53,2,0,pos,14,Giulia,10
315,2025-01-30,101,Acqua,Drink,14.91,3.86,3,5,cash,15,Marco,10
316,2025-01-30,57,Birra,Drink,17.89,6.0,1,0,cash,14,Sara,22
317,2025-01-30,12,Acqua,Drink,6.07,2.32,2,0,card,11,Sara,10
318,2025-01-30,93,Lasagna,Food,13.52,5.28,2,0,card,2,Marco,10
319,2025-01-31,29,Caffè,Drink,10.79,2.71,3,0,card,12,Marco,10
320,2025-01-31,62,Pizza Diavola,Food,9.98,3.95,1,0,card,6,Sara,10
321,2025-01-31,18,Vino Rosso,Drink,13.34,5.14,1,0,pos,11,Marco,10
322,2025-01-31,57,Acqua,Drink,7.77,3.11,3,5,cash,2,Luca,22
323,2025-01-31,18,Pizza Diavola,Food,14.49,4.64,3,5,cash,4,Sara,22
324,2025-01-31,83,Pizza Diavola,Food,12.19,4.51,1,10,pos,1,Sara,22
325,2025-01-31,27,Caffè,Drink,11.62,4.64,3,0,cash,8,Giulia,10
326,2025-01-31,15,Lasagna,Food,13.3,3.51,2,0,card,3,Giulia,22
327,2025-01-31,111,Tiramisù,Dessert,9.75,3.77,2,5,cash,10,Luca,10
328,2025-01-31,2,Insalata,Food,5.52,1.45,1,5,pos,12,Giulia,22
329,2025-01-31,55,Vino Rosso,Drink,13.33,4.77,1,0,cash,5,Luca,22
330,2025-01-31,66,Lasagna,Food,11.97,3.93,1,0,pos,7,Marco,22
331,2025-01-31,8,Lasagna,Food,17.02,4.65,1,10,card,11,Marco,10
332,2025-01-31,16,Pizza Margherita,Food,6.78,1.71,3,5,pos,9,Sara,22
333,2025-02-01,48,Pasta Carbonara,Food,15.15,4.6,3,0,card,13,Giulia,10
334,2025-02-01,35,Caffè,Drink,8.42,3.75,1,0,card,9,Sara,22
335,2025-02-01,8,Birra,Drink,7.17,2.02,3,0,cash,12,Luca,10
336,2025-02-01,6,Pizza Margherita,Food,5.6,1.81,1,0,cash,9,Giulia,10
337,2025-02-01,29,Acqua,Drink,10.41,4.1,1,0,pos,6,Luca,10
338,2025-02-01,65,Pizza Margherita,Food,7.9,2.79,1,0,cash,15,Giulia,22
339,2025-02-01,111,Insalata,Food,9.25,3.34,2,0,cash,5,Sara,22
340,2025-02-02,32,Birra,Drink,12.69,4.42,2,0,cash,1,Giulia,10
341,2025-02-02,4,Lasagna,Food,9.5,3.97,3,0,cash,13,Giulia,22
342,2025-02-02,109,Insalata,Food,7.67,3.43,1,5,cash,3,Sara,22
343,2025-02-02,12,Pizza Margherita,Food,16.66,5.9,1,0,pos,2,Luca,22
344,2025-02-02,65,Pasta Carbonara,Food,15.66,4.15,3,10,card,11,Marco,10
345,2025-02-02,31,Insalata,Food,16.06,6.99,2,5,card,8,Sara,22
346,2025-02-02,30,Pizza Diavola,Food,6.77,2.74,1,0,cash,3,Giulia,10
347,2025-02-02,60,Acqua,Drink,6.57,2.11,2,0,card,8,Sara,22
348,2025-02-02,110,Pizza Diavola,Food,7.05,2.73,1,10,cash,14,Sara,10
349,2025-02-02,19,Pizza Diavola,Food,8.23,2.64,3,10,pos,5,Sara,10
350,2025-02-02,105,Pasta Carbonara,Food,17.38,7.32,1,10,cash,8,Luca,10
351,2025-02-02,103,Pasta Carbonara,Food,5.16,2.15,1,0,cash,14,Giulia,10
352,2025-02-02,48,Pizza Diavola,Food,12.62,5.47,3,0,cash,4,Giulia,10
353,2025-02-02,104,Pasta Carbonara,Food,16.77,6.97,1,0,cash,8,Luca,10
354,2025-02-03,119,Tiramisù,Dessert,15.68,5.16,2,0,pos,7,Marco,22
355,2025-02-03,46,Lasagna,Food,8.57,2.91,1,0,pos,10,Marco,10
356,2025-02-03,83,Insalata,Food,10.36,3.73,2,0,card,7,Marco,10
357,2025-02-03,54,Lasagna,Food,16.5,5.86,3,10,card,13,Sara,10
358,2025-02-03,62,Caffè,Drink,9.47,3.44,2,0,card,3,Luca,22
359,2025-02-03,41,Tiramisù,Dessert,5.38,2.22,1,0,card,9,Sara,10
360,2025-02-03,99,Tiramisù,Dessert,17.66,4.77,1,0,pos,14,Luca,22
361,2025-02-04,74,Vino Rosso,Drink,17.16,7.69,2,0,cash,10,Sara,10
362,2025-02-04,104,Acqua,Drink,5.37,2.09,3,10,pos,4,Giulia,10
363,2025-02-04,70,Insalata,Food,11.38,3.05,1,0,cash,9,Giulia,10
364,2025-02-04,1,Acqua,Drink,7.62,2.1,3,0,cash,1,Marco,22
365,2025-02-04,76,Pasta Carbonara,Food,16.0,6.75,1,0,pos,11,Giulia,22
366,2025-02-04,76,Pizza Diavola,Food,8.92,2.47,2,0,pos,8,Sara,22
367,2025-02-04,23,Caffè,Drink,16.56,6.17,3,0,pos,10,Marco,10
368,2025-02-04,49,Insalata,Food,13.95,3.84,3,0,pos,1,Marco,22
369,2025-02-05,41,Tiramisù,Dessert,13.32,3.61,1,5,card,12,Luca,10
370,2025-02-05,31,Acqua,Drink,7.18,3.07,2,0,card,1,Sara,22
371,2025-02-05,27,Lasagna,Food,5.88,1.77,3,0,cash,7,Giulia,10
372,2025-02-05,94,Vino Rosso,Drink,16.5,5.75,1,5,pos,7,Luca,22
373,2025-02-05,107,Birra,Drink,13.46,5.21,3,0,cash,13,Luca,22
374,2025-02-05,38,Pizza Margherita,Food,8.39,2.27,2,0,card,3,Luca,10
375,2025-02-05,71,Pizza Diavola,Food,12.72,4.74,2,5,card,11,Marco,10
376,2025-02-05,78,Vino Rosso,Drink,5.7,1.8,1,0,pos,9,Sara,22
377,2025-02-05,85,Insalata,Food,8.09,2.1,2,10,cash,1,Sara,22
378,2025-02-05,1,Vino Rosso,Drink,8.83,3.38,1,10,cash,2,Luca,22
379,2025-02-05,27,Pasta Carbonara,Food,8.79,2.34,3,0,card,8,Giulia,22
380,2025-02-05,115,Insalata,Food,13.34,4.37,1,0,card,3,Giulia,22
381,2025-02-05,6,Insalata,Food,11.05,3.26,2,0,cash,13,Luca,10
382,2025-02-05,11,Acqua,Drink,10.38,4.17,3,0,card,14,Giulia,10
383,2025-02-06,88,Birra,Drink,16.46,5.68,3,0,pos,1,Marco,22
384,2025-02-06,16,Birra,Drink,17.34,4.91,1,0,cash,1,Giulia,10
385,2025-02-06,11,Vino Rosso,Drink,17.96,6.74,1,10,card,15,Luca,22
386,2025-02-06,12,Vino Rosso,Drink,10.17,3.21,3,0,cash,13,Giulia,22
387,2025-02-06,15,Vino Rosso,Drink,6.93,2.55,1,0,pos,13,Luca,10
388,2025-02-06,101,Insalata,Food,16.44,7.0,3,0,pos,8,Giulia,22
389,2025-02-06,5,Pasta Carbonara,Food,10.24,3.83,2,5,card,15,Sara,10
390,2025-02-06,89,Lasagna,Food,14.69,6.38,1,0,card,14,Sara,10
391,2025-02-06,40,Insalata,Food,16.16,6.25,2,0,card,12,Giulia,10
392,2025-02-06,100,Acqua,Drink,14.47,5.37,2,0,card,4,Giulia,10
393,2025-02-06,95,Birra,Drink,16.27,6.74,3,10,cash,5,Giulia,10
394,2025-02-06,18,Caffè,Drink,5.38,1.55,3,0,cash,1,Giulia,10
395,2025-02-06,7,Acqua,Drink,7.59,2.46,3,5,pos,15,Luca,22
396,2025-02-07,4,Lasagna,Food,11.35,3.85,2,5,card,3,Sara,22
397,2025-02-07,96,Pizza Diavola,Food,5.36,1.39,2,10,cash,11,Marco,10
398,2025-02-07,87,Lasagna,Food,13.47,4.75,2,0,cash,11,Marco,22
399,2025-02-07,77,Pizza Margherita,Food,8.28,3.4,1,0,card,15,Giulia,22
400,2025-02-07,110,Acqua,Drink,8.28,2.84,2,10,pos,2,Luca,22
401,2025-02-07,66,Acqua,Drink,13.42,4.99,3,0,card,2,Sara,10
402,2025-02-07,36,Acqua,Drink,8.39,3.29,2,0,cash,9,Marco,10
403,2025-02-07,116,Pizza Margherita,Food,10.25,3.22,3,0,pos,8,Sara,10
404,2025-02-07,34,Vino Rosso,Drink,10.05,2.58,2,10,card,12,Marco,10
405,2025-02-07,88,Caffè,Drink,15.2,6.56,3,0,cash,14,Marco,22
406,2025-02-07,38,Pizza Diavola,Food,6.66,2.01,2,10,pos,15,Sara,10
407,2025-02-07,84,Pizza Diavola,Food,9.62,3.84,1,0,card,6,Sara,22
408,2025-02-07,75,Insalata,Food,16.07,5.53,2,10,card,15,Marco,10
409,2025-02-07,65,Pizza Diavola,Food,9.96,3.08,3,0,cash,4,Sara,10
410,2025-02-07,53,Tiramisù,Dessert,6.86,2.9,2,0,card,6,Marco,10
411,2025-02-08,82,Pizza Margherita,Food,10.88,3.18,1,0,card,13,Luca,10
412,2025-02-08,17,Tiramisù,Dessert,13.24,4.38,2,5,cash,1,Marco,22
413,2025-02-08,94,Acqua,Drink,16.6,6.66,1,10,cash,11,Luca,10
414,2025-02-08,81,Lasagna,Food,14.02,4.47,1,0,card,9,Sara,10
415,2025-02-08,22,Pizza Diavola,Food,8.88,2.74,1,10,card,15,Marco,22
416,2025-02-08,44,Birra,Drink,14.75,4.17,2,5,cash,4,Marco,10
417,2025-02-08,28,Pizza Margherita,Food,11.56,3.17,3,0,pos,5,Luca,22
418,2025-02-08,77,Pizza Margherita,Food,6.41,2.67,3,0,card,8,Giulia,10
419,2025-02-08,16,Caffè,Drink,11.17,3.13,2,0,card,11,Luca,22
420,2025-02-08,85,Caffè,Drink,13.1,5.11,2,5,pos,12,Luca,10
421,2025-02-09,15,Pizza Diavola,Food,7.58,2.2,2,0,card,12,Giulia,10
422,2025-02-09,38,Pasta Carbonara,Food,12.13,5.24,1,5,cash,1,Luca,22
423,2025-02-09,86,Pizza Diavola,Food,15.86,6.09,1,0,pos,2,Luca,10
424,2025-02-09,116,Insalata,Food,8.01,3.59,3,0,card,1,Luca,22
425,2025-02-09,105,Pasta Carbonara,Food,16.08,5.18,1,0,pos,2,Luca,22
426,2025-02-09,109,Pizza Margherita,Food,16.08,6.15,1,0,card,15,Giulia,22
427,2025-02-09,80,Insalata,Food,6.21,2.56,3,0,card,7,Giulia,10
428,2025-02-09,35,Vino Rosso,Drink,16.06,6.58,3,0,cash,12,Luca,10
429,2025-02-09,109,Pasta Carbonara,Food,10.41,3.83,1,10,cash,10,Giulia,22
430,2025-02-10,79,Pizza Margherita,Food,16.44,6.5,3,0,card,2,Giulia,22
431,2025-02-10,57,Pizza Margherita,Food,8.4,2.63,1,10,pos,14,Sara,10
432,2025-02-10,67,Caffè,Drink,14.11,3.8,3,0,card,11,Giulia,22
433,2025-02-10,20,Caffè,Drink,5.71,2.16,3,0,card,14,Marco,22
434,2025-02-10,10,Birra,Drink,8.13,3.61,2,0,pos,11,Giulia,10
435,2025-02-10,52,Lasagna,Food,10.97,4.5,1,5,card,8,Sara,10
436,2025-02-10,16,Birra,Drink,13.49,3.65,3,5,pos,9,Luca,10
437,2025-02-10,106,Pizza Diavola,Food,17.52,6.61,3,10,pos,11,Giulia,10
438,2025-02-10,44,Acqua,Drink,15.62,6.54,1,0,pos,11,Sara,22
439,2025-02-10,92,Birra,Drink,6.27,2.39,1,0,card,14,Sara,22
440,2025-02-11,67,Acqua,Drink,6.38,2.74,3,5,pos,12,Giulia,10
441,2025-02-11,14,Insalata,Food,7.55,2.07,3,5,card,14,Marco,10
442,2025-02-11,92,Acqua,Drink,14.84,3.85,1,10,card,8,Marco,10
443,2025-02-11,64,Pizza Margherita,Food,14.57,5.25,3,5,pos,13,Marco,22
444,2025-02-11,89,Tiramisù,Dessert,14.5,4.0,1,5,pos,15,Giulia,22
445,2025-02-11,54,Tiramisù,Dessert,14.91,4.54,3,0,card,13,Marco,22
446,2025-02-11,18,Vino Rosso,Drink,14.1,5.64,3,0,pos,12,Marco,22
447,2025-02-11,26,Lasagna,Food,14.29,5.53,3,0,pos,9,Sara,10
448,2025-02-11,91,Pizza Diavola,Food,12.31,4.51,2,5,card,13,Luca,22
449,2025-02-11,67,Pizza Diavola,Food,9.95,2.59,1,0,card,13,Marco,10
450,2025-02-11,37,Insalata,Food,15.91,6.17,1,0,pos,1,Sara,10
451,2025-02-11,105,Birra,Drink,13.01,5.01,1,10,pos,11,Giulia,10
452,2025-02-11,31,Caffè,Drink,8.74,3.35,3,5,card,13,Sara,22
453,2025-02-12,7,Pizza Margherita,Food,8.27,3.09,3,5,pos,12,Sara,10
454,2025-02-12,97,Tiramisù,Dessert,14.6,4.22,3,0,card,3,Luca,22
455,2025-02-12,24,Pasta Carbonara,Food,11.68,3.8,3,5,pos,5,Marco,22
456,2025-02-12,21,Tiramisù,Dessert,5.07,1.74,2,0,cash,15,Sara,10
457,2025-02-12,77,Pizza Margherita,Food,13.0,4.97,3,5,cash,13,Sara,22
458,2025-02-12,68,Lasagna,Food,11.77,4.79,1,0,pos,9,Giulia,22
459,2025-02-12,12,Acqua,Drink,16.48,6.31,1,0,card,4,Giulia,22
460,2025-02-12,72,Pizza Margherita,Food,13.7,4.65,1,10,cash,11,Sara,10
461,2025-02-12,49,Pizza Diavola,Food,8.34,3.29,2,0,pos,13,Giulia,22
462,2025-02-12,63,Pizza Margherita,Food,16.68,4.81,2,10,cash,3,Luca,10
463,2025-02-12,81,Pizza Diavola,Food,13.71,5.55,1,5,cash,9,Giulia,10
464,2025-02-12,83,Pizza Diavola,Food,13.92,3.55,3,0,cash,2,Luca,10
465,2025-02-12,23,Insalata,Food,5.92,2.45,3,0,card,8,Giulia,22
466,2025-02-13,41,Pizza Margherita,Food,13.75,4.91,2,10,pos,10,Luca,10
467,2025-02-13,90,Pizza Diavola,Food,17.06,4.63,2,0,card,13,Giulia,10
468,2025-02-13,49,Vino Rosso,Drink,5.4,1.52,3,0,pos,7,Sara,10
469,2025-02-13,82,Pasta Carbonara,Food,13.8,5.97,2,0,pos,14,Marco,10
470,2025-02-13,16,Pizza Margherita,Food,12.45,4.09,1,10,card,4,Sara,10
471,2025-02-13,28,Vino Rosso,Drink,16.07,4.48,3,0,pos,14,Sara,10
472,2025-02-13,25,Pizza Diavola,Food,13.72,4.99,1,0,pos,9,Luca,22
473,2025-02-13,38,Pizza Diavola,Food,6.28,2.48,2,5,card,3,Marco,22
474,2025-02-13,13,Insalata,Food,5.91,1.71,3,5,card,10,Sara,22
475,2025-02-13,89,Tiramisù,Dessert,12.35,3.99,1,0,cash,1,Sara,22
476,2025-02-13,32,Lasagna,Food,14.62,4.93,3,0,pos,12,Sara,10
477,2025-02-14,60,Birra,Drink,15.07,5.24,2,0,pos,10,Luca,10
478,2025-02-14,108,Insalata,Food,16.59,4.8,1,0,cash,14,Luca,10
479,2025-02-14,105,Tiramisù,Dessert,10.27,3.78,3,0,pos,15,Giulia,22
480,2025-02-14,84,Pasta Carbonara,Food,10.1,4.33,2,10,cash,8,Luca,22
481,2025-02-14,51,Acqua,Drink,5.14,1.53,3,10,pos,3,Giulia,10
482,2025-02-14,21,Pasta Carbonara,Food,17.33,6.62,3,0,card,1,Marco,22
483,2025-02-14,98,Birra,Drink,5.82,1.89,1,0,pos,15,Sara,10
484,2025-02-14,50,Birra,Drink,16.46,4.25,2,0,pos,9,Sara,10
485,2025-02-14,107,Insalata,Food,12.08,3.44,3,5,pos,11,Luca,22
486,2025-02-14,67,Insalata,Food,17.64,5.2,2,5,card,8,Giulia,22
487,2025-02-14,114,Tiramisù,Dessert,11.52,3.2,1,0,cash,9,Sara,10
488,2025-02-14,28,Pasta Carbonara,Food,7.05,2.61,1,0,card,13,Sara,10
489,2025-02-15,62,Birra,Drink,7.74,2.18,2,5,cash,1,Marco,10
490,2025-02-15,74,Tiramisù,Dessert,6.75,2.38,1,10,cash,3,Sara,10
491,2025-02-15,119,Pasta Carbonara,Food,17.46,6.46,3,10,pos,12,Sara,10
492,2025-02-15,11,Lasagna,Food,12.88,4.43,2,5,cash,14,Giulia,10
493,2025-02-15,77,Pasta Carbonara,Food,15.67,4.49,3,10,cash,12,Sara,22
494,2025-02-15,119,Birra,Drink,12.68,3.75,3,5,cash,1,Marco,10
495,2025-02-16,111,Caffè,Drink,10.46,2.93,3,0,card,15,Luca,10
496,2025-02-16,113,Caffè,Drink,14.78,3.97,3,0,pos,11,Giulia,10
497,2025-02-16,67,Vino Rosso,Drink,16.37,6.38,2,5,card,13,Giulia,10
498,2025-02-16,45,Tiramisù,Dessert,16.8,7.01,3,10,card,3,Sara,10
499,2025-02-16,62,Lasagna,Food,8.68,3.69,1,5,cash,1,Luca,22
500,2025-02-16,74,Caffè,Drink,11.76,3.82,1,0,card,6,Luca,22
501,2025-02-16,20,Vino Rosso,Drink,12.61,3.81,3,10,pos,6,Sara,22
502,2025-02-16,88,Vino Rosso,Drink,10.37,4.22,1,5,card,9,Giulia,10
503,2025-02-16,33,Insalata,Food,9.48,3.71,3,0,pos,4,Giulia,10
504,2025-02-16,101,Pasta Carbonara,Food,7.79,2.57,1,0,cash,7,Luca,10
505,2025-02-16,103,Pizza Diavola,Food,11.13,4.12,1,0,card,4,Sara,10
506,2025-02-16,11,Tiramisù,Dessert,14.42,6.29,1,5,pos,10,Luca,22
507,2025-02-16,100,Pasta Carbonara,Food,11.43,2.88,3,10,cash,1,Marco,22
508,2025-02-17,22,Pizza Margherita,Food,8.11,2.03,2,0,card,13,Giulia,10
509,2025-02-17,46,Vino Rosso,Drink,12.62,4.46,2,0,pos,5,Sara,10
510,2025-02-17,45,Insalata,Food,12.88,3.72,1,5,card,3,Giulia,10
511,2025-02-17,65,Pizza Diavola,Food,5.94,1.83,3,0,pos,14,Sara,22
512,2025-02-17,89,Birra,Drink,12.32,4.98,2,0,pos,8,Luca,22
513,2025-02-17,62,Pizza Diavola,Food,5.88,2.22,2,0,card,7,Sara,10
514,2025-02-17,67,Caffè,Drink,14.11,4.27,1,0,card,11,Sara,10
515,2025-02-17,10,Caffè,Drink,11.2,3.59,1,10,cash,12,Marco,22
516,2025-02-17,64,Lasagna,Food,14.56,6.18,1,0,cash,14,Marco,10
517,2025-02-17,108,Tiramisù,Dessert,7.03,1.91,2,0,pos,1,Luca,22
518,2025-02-17,109,Birra,Drink,13.07,4.55,2,10,card,3,Sara,22
519,2025-02-17,51,Lasagna,Food,6.67,2.37,3,5,pos,1,Sara,22
520,2025-02-17,51,Pasta Carbonara,Food,17.69,6.89,2,5,pos,1,Luca,22
521,2025-02-17,87,Lasagna,Food,12.55,3.95,2,10,cash,9,Sara,22
522,2025-02-18,35,Birra,Drink,9.46,2.71,3,5,card,12,Sara,10
523,2025-02-18,47,Vino Rosso,Drink,10.86,3.96,2,10,cash,12,Sara,10
524,2025-02-18,103,Lasagna,Food,10.62,3.46,3,0,card,13,Luca,10
525,2025-02-18,23,Vino Rosso,Drink,6.75,2.89,2,10,card,5,Sara,22
526,2025-02-18,72,Tiramisù,Dessert,10.18,3.95,1,0,card,8,Luca,10
527,2025-02-18,58,Acqua,Drink,9.69,3.51,2,0,cash,7,Luca,22
528,2025-02-18,45,Tiramisù,Dessert,12.5,4.75,1,10,card,6,Sara,10
529,2025-02-18,87,Caffè,Drink,15.07,5.11,2,0,pos,5,Giulia,22
530,2025-02-19,19,Pasta Carbonara,Food,15.5,4.92,3,10,cash,2,Marco,22
531,2025-02-19,44,Lasagna,Food,9.12,2.81,2,0,card,15,Giulia,22
532,2025-02-19,100,Acqua,Drink,12.63,5.6,3,5,cash,14,Luca,10
533,2025-02-19,17,Lasagna,Food,8.27,3.3,3,0,cash,7,Luca,10
534,2025-02-19,13,Pizza Diavola,Food,12.13,3.1,2,5,cash,5,Marco,10
535,2025-02-19,11,Vino Rosso,Drink,7.98,3.17,2,5,cash,9,Marco,10
536,2025-02-19,4,Pizza Margherita,Food,9.64,4.17,3,5,pos,15,Sara,22
537,2025-02-19,71,Birra,Drink,17.6,6.86,1,0,pos,12,Giulia,22
538,2025-02-19,68,Caffè,Drink,16.82,5.83,2,0,card,5,Sara,10
539,2025-02-19,53,Insalata,Food,8.95,2.24,1,0,card,8,Luca,22
540,2025-02-19,89,Birra,Drink,8.89,3.58,2,0,cash,9,Sara,10
541,2025-02-19,25,Vino Rosso,Drink,10.68,3.2,3,5,cash,5,Luca,22
542,2025-02-19,55,Lasagna,Food,14.94,6.45,3,0,pos,12,Sara,22
543,2025-02-19,53,Lasagna,Food,7.37,2.27,1,5,card,12,Giulia,22
544,2025-02-19,25,Acqua,Drink,6.98,3.1,1,0,cash,5,Sara,10
545,2025-02-20,92,Birra,Drink,5.11,1.37,3,0,cash,6,Giulia,22
546,2025-02-20,40,Birra,Drink,11.03,4.5,2,0,cash,1,Sara,10
547,2025-02-20,100,Vino Rosso,Drink,12.06,3.45,1,0,cash,2,Marco,22
548,2025-02-20,50,Birra,Drink,14.59,3.75,1,5,pos,11,Marco,10
549,2025-02-20,61,Vino Rosso,Drink,17.5,7.65,3,0,pos,15,Luca,10
550,2025-02-20,33,Birra,Drink,8.88,2.86,3,0,cash,4,Giulia,10
551,2025-02-20,42,Pizza Margherita,Food,15.33,5.63,1,5,cash,1,Giulia,10
552,2025-02-21,20,Acqua,Drink,8.23,2.88,1,10,pos,1,Luca,22
553,2025-02-21,46,Pasta Carbonara,Food,11.97,3.25,3,5,card,9,Sara,10
554,2025-02-21,104,Birra,Drink,7.51,2.91,3,0,card,15,Luca,10
555,2025-02-21,63,Birra,Drink,8.83,3.44,3,0,pos,6,Sara,10
556,2025-02-21,94,Birra,Drink,16.28,6.02,2,10,cash,9,Marco,10
557,2025-02-21,58,Insalata,Food,12.04,4.1,2,10,pos,3,Luca,22
558,2025-02-21,80,Acqua,Drink,8.1,3.19,3,10,cash,9,Giulia,22
559,2025-02-21,99,Caffè,Drink,12.97,4.08,1,0,cash,9,Luca,10
560,2025-02-21,6,Pasta Carbonara,Food,16.36,4.75,1,5,cash,1,Giulia,10
561,2025-02-21,85,Birra,Drink,13.11,4.83,3,0,cash,10,Luca,22
562,2025-02-21,2,Lasagna,Food,11.39,4.87,3,0,pos,1,Sara,22
563,2025-02-21,72,Vino Rosso,Drink,15.33,4.01,2,10,pos,1,Luca,22
564,2025-02-21,107,Insalata,Food,17.28,7.64,1,0,pos,4,Giulia,10
565,2025-02-21,25,Lasagna,Food,13.54,4.93,3,0,pos,2,Sara,22
566,2025-02-22,59,Vino Rosso,Drink,7.17,2.05,1,5,pos,3,Giulia,22
567,2025-02-22,120,Acqua,Drink,12.15,5.46,2,0,pos,7,Sara,22
568,2025-02-22,78,Lasagna,Food,12.09,3.93,3,10,card,8,Giulia,22
569,2025-02-22,51,Pizza Margherita,Food,5.45,1.67,3,0,card,1,Sara,10
570,2025-02-22,29,Lasagna,Food,5.28,2.19,2,0,cash,1,Giulia,10
571,2025-02-22,46,Pasta Carbonara,Food,8.44,3.61,1,0,card,13,Sara,10
572,2025-02-22,12,Tiramisù,Dessert,12.4,3.64,2,0,card,3,Giulia,22
573,2025-02-22,106,Tiramisù,Dessert,12.74,3.95,1,10,cash,13,Luca,22
574,2025-02-22,118,Acqua,Drink,16.44,5.54,2,0,pos,11,Luca,10
575,2025-02-22,82,Vino Rosso,Drink,8.96,2.31,1,10,card,9,Marco,10
576,2025-02-22,20,Pizza Margherita,Food,14.51,4.77,3,5,cash,7,Sara,10
577,2025-02-22,101,Vino Rosso,Drink,6.72,1.79,1,10,pos,7,Sara,10
578,2025-02-22,11,Vino Rosso,Drink,10.65,4.15,3,0,pos,4,Giulia,22
579,2025-02-22,51,Tiramisù,Dessert,12.3,5.53,1,10,cash,2,Sara,10
580,2025-02-22,100,Vino Rosso,Drink,13.9,5.08,2,0,card,6,Sara,22
581,2025-02-23,42,Acqua,Drink,13.52,5.46,3,0,pos,14,Giulia,22
582,2025-02-23,80,Pasta Carbonara,Food,5.58,2.31,2,0,cash,13,Luca,22
583,2025-02-23,15,Pizza Margherita,Food,17.34,7.55,1,0,card,12,Luca,10
584,2025-02-23,40,Birra,Drink,5.3,1.55,2,10,cash,9,Sara,10
585,2025-02-23,71,Birra,Drink,14.49,4.03,3,0,pos,15,Luca,22
586,2025-02-23,33,Pasta Carbonara,Food,8.69,3.54,1,10,cash,8,Luca,22
587,2025-02-23,9,Vino Rosso,Drink,8.53,3.59,3,0,cash,5,Giulia,10
588,2025-02-23,30,Vino Rosso,Drink,17.7,4.78,3,0,pos,9,Luca,22
589,2025-02-24,26,Caffè,Drink,12.29,4.82,2,0,pos,5,Sara,10
590,2025-02-24,63,Vino Rosso,Drink,7.04,2.25,3,0,pos,5,Marco,22
591,2025-02-24,65,Insalata,Food,13.14,5.59,1,0,cash,3,Sara,22
592,2025-02-24,115,Vino Rosso,Drink,6.78,2.68,3,10,card,4,Marco,10
593,2025-02-24,55,Insalata,Food,9.28,3.33,3,0,pos,9,Marco,10
594,2025-02-24,111,Pasta Carbonara,Food,13.95,5.99,2,0,cash,11,Marco,22
595,2025-02-24,41,Pizza Diavola,Food,11.93,4.7,3,0,cash,12,Luca,22
596,2025-02-25,113,Vino Rosso,Drink,8.94,3.57,2,0,cash,2,Marco,10
597,2025-02-25,24,Pizza Margherita,Food,13.02,4.83,3,10,pos,4,Marco,10
598,2025-02-25,88,Pizza Margherita,Food,6.03,2.45,2,0,pos,11,Sara,22
599,2025-02-25,24,Vino Rosso,Drink,11.16,3.16,2,0,card,13,Luca,10
600,2025-02-25,119,Insalata,Food,7.89,3.03,2,0,cash,3,Giulia,10
601,2025-02-25,111,Tiramisù,Dessert,13.94,5.9,2,0,card,13,Luca,22
602,2025-02-25,78,Vino Rosso,Drink,9.07,3.38,3,10,pos,2,Giulia,10
603,2025-02-25,59,Pizza Margherita,Food,11.74,3.86,1,0,pos,13,Luca,22
604,2025-02-25,25,Insalata,Food,10.17,3.16,2,0,cash,7,Sara,22
605,2025-02-25,79,Pizza Margherita,Food,11.72,3.26,3,5,pos,9,Luca,10
606,2025-02-26,100,Tiramisù,Dessert,12.1,3.98,3,0,cash,3,Giulia,22
607,2025-02-26,76,Lasagna,Food,6.17,1.94,2,0,cash,2,Giulia,10
608,2025-02-26,82,Acqua,Drink,11.81,3.86,1,10,card,9,Giulia,10
609,2025-02-26,6,Pasta Carbonara,Food,12.35,4.72,2,0,cash,3,Luca,10
610,2025-02-26,54,Insalata,Food,14.49,6.41,2,0,cash,15,Marco,10
611,2025-02-26,26,Pizza Margherita,Food,14.95,3.77,3,5,pos,13,Luca,22
612,2025-02-26,78,Birra,Drink,7.82,2.99,1,5,card,2,Luca,22
613,2025-02-27,113,Caffè,Drink,13.06,4.72,2,0,cash,3,Luca,10
614,2025-02-27,84,Acqua,Drink,6.89,1.77,1,10,card,15,Luca,22
615,2025-02-27,7,Pizza Diavola,Food,17.92,5.06,2,0,card,12,Sara,10
616,2025-02-27,120,Pizza Margherita,Food,14.99,4.72,1,5,card,14,Luca,10
617,2025-02-27,38,Birra,Drink,6.59,2.78,1,0,pos,4,Marco,22
618,2025-02-27,79,Pizza Margherita,Food,12.43,5.54,1,10,card,12,Sara,10
619,2025-02-27,55,Tiramisù,Dessert,8.38,3.06,2,10,cash,10,Giulia,22
620,2025-02-27,67,Birra,Drink,15.5,6.61,2,0,cash,1,Luca,22
621,2025-02-28,60,Pizza Diavola,Food,16.02,6.57,3,5,cash,6,Sara,22
622,2025-02-28,72,Lasagna,Food,13.33,5.17,1,0,card,5,Sara,10
623,2025-02-28,99,Pizza Margherita,Food,13.92,4.43,1,10,cash,4,Sara,10
624,2025-02-28,107,Acqua,Drink,11.23,3.87,3,0,card,3,Giulia,10
625,2025-02-28,115,Caffè,Drink,11.01,4.55,2,0,pos,12,Sara,22
626,2025-03-01,69,Pizza Margherita,Food,12.51,3.96,1,0,cash,5,Luca,10
627,2025-03-01,44,Vino Rosso,Drink,11.95,3.38,3,10,cash,10,Luca,22
628,2025-03-01,111,Insalata,Food,16.15,6.33,3,0,cash,8,Marco,22
629,2025-03-01,48,Birra,Drink,7.81,2.42,2,0,cash,13,Marco,22
630,2025-03-01,117,Pizza Diavola,Food,11.58,4.75,2,10,cash,6,Giulia,10
631,2025-03-01,94,Caffè,Drink,15.08,4.2,2,0,cash,12,Luca,10
632,2025-03-01,59,Vino Rosso,Drink,16.24,4.44,3,0,pos,14,Luca,10
633,2025-03-01,43,Birra,Drink,6.34,2.56,1,0,pos,13,Sara,10
634,2025-03-01,82,Lasagna,Food,7.61,2.34,2,10,card,11,Luca,22
635,2025-03-01,35,Pasta Carbonara,Food,8.56,2.17,1,10,cash,9,Sara,10
636,2025-03-01,71,Acqua,Drink,6.84,2.67,2,0,cash,2,Sara,10
637,2025-03-01,79,Acqua,Drink,10.77,2.97,3,5,cash,7,Luca,10
638,2025-03-01,12,Vino Rosso,Drink,7.33,2.71,2,10,pos,6,Sara,22
639,2025-03-02,105,Lasagna,Food,14.86,6.12,3,0,pos,3,Luca,22
640,2025-03-02,105,Birra,Drink,10.92,4.22,1,5,cash,4,Marco,22
641,2025-03-02,111,Tiramisù,Dessert,16.87,5.54,2,0,card,8,Luca,22
642,2025-03-02,9,Birra,Drink,9.57,3.28,1,0,card,10,Marco,22
643,2025-03-02,66,Pizza Diavola,Food,15.63,6.4,2,0,card,9,Giulia,10
644,2025-03-02,52,Tiramisù,Dessert,8.1,2.42,2,0,card,2,Sara,22
645,2025-03-02,27,Tiramisù,Dessert,15.2,5.12,2,0,cash,11,Luca,10
646,2025-03-02,95,Tiramisù,Dessert,6.49,2.4,2,0,card,3,Sara,10
647,2025-03-02,52,Pizza Diavola,Food,6.41,2.65,3,5,card,11,Luca,22
648,2025-03-02,12,Lasagna,Food,16.53,7.12,1,0,pos,3,Giulia,10
649,2025-03-03,38,Vino Rosso,Drink,12.51,3.62,3,0,pos,13,Sara,22
650,2025-03-03,118,Vino Rosso,Drink,17.77,5.67,3,0,pos,9,Giulia,10
651,2025-03-03,109,Pasta Carbonara,Food,5.81,2.5,2,0,pos,9,Sara,10
652,2025-03-03,15,Insalata,Food,8.06,3.15,1,5,pos,7,Giulia,22
653,2025-03-03,49,Vino Rosso,Drink,7.75,2.21,3,0,pos,7,Sara,10
654,2025-03-03,108,Vino Rosso,Drink,8.75,3.71,1,0,cash,2,Luca,10
655,2025-03-03,19,Birra,Drink,10.68,4.79,3,0,pos,13,Giulia,10
656,2025-03-03,111,Birra,Drink,12.86,4.31,3,0,pos,7,Giulia,22
657,2025-03-03,50,Acqua,Drink,7.42,2.75,1,10,pos,4,Sara,22
658,2025-03-03,53,Caffè,Drink,9.77,4.35,3,10,pos,6,Luca,22
659,2025-03-03,75,Birra,Drink,6.04,2.39,3,10,card,9,Luca,22
660,2025-03-03,67,Tiramisù,Dessert,8.19,3.08,1,0,pos,1,Sara,22
661,2025-03-03,69,Pizza Margherita,Food,10.9,4.7,2,10,card,6,Sara,22
662,2025-03-04,22,Pizza Margherita,Food,17.0,6.8,3,10,cash,11,Giulia,22
663,2025-03-04,75,Pasta Carbonara,Food,5.67,2.54,3,10,card,8,Luca,10
664,2025-03-04,17,Caffè,Drink,16.07,4.91,1,0,card,14,Sara,22
665,2025-03-04,2,Pizza Diavola,Food,7.27,2.68,3,0,card,13,Marco,22
666,2025-03-04,34,Lasagna,Food,7.35,2.61,2,0,cash,3,Marco,22
667,2025-03-04,108,Birra,Drink,15.01,4.47,2,5,cash,10,Sara,10
668,2025-03-04,7,Insalata,Food,5.68,1.95,1,5,card,12,Marco,22
669,2025-03-04,49,Vino Rosso,Drink,8.41,2.99,2,5,card,15,Giulia,10
670,2025-03-04,49,Acqua,Drink,13.88,3.58,3,10,card,10,Sara,22
671,2025-03-05,35,Insalata,Food,8.32,3.05,1,5,pos,11,Marco,10
672,2025-03-05,67,Acqua,Drink,13.97,4.0,3,10,pos,1,Luca,10
673,2025-03-05,2,Vino Rosso,Drink,11.83,4.58,1,0,pos,5,Sara,10
674,2025-03-05,25,Pizza Margherita,Food,13.05,3.41,1,10,pos,11,Luca,10
675,2025-03-05,91,Pizza Diavola,Food,16.13,4.45,1,10,cash,12,Marco,10
676,2025-03-05,33,Insalata,Food,13.59,3.6,2,5,card,12,Sara,22
677,2025-03-05,33,Pasta Carbonara,Food,8.6,2.26,1,5,cash,5,Sara,22
678,2025-03-05,23,Birra,Drink,11.39,4.96,1,10,cash,11,Giulia,22
679,2025-03-05,14,Pasta Carbonara,Food,14.99,4.4,3,0,pos,5,Luca,22
680,2025-03-05,5,Pizza Diavola,Food,12.43,3.73,1,5,card,3,Luca,10
681,2025-03-06,86,Vino Rosso,Drink,6.97,2.2,2,5,pos,12,Giulia,10
682,2025-03-06,62,Vino Rosso,Drink,15.97,6.49,2,0,cash,7,Giulia,10
683,2025-03-06,16,Tiramisù,Dessert,17.16,5.52,3,0,cash,11,Luca,22
684,2025-03-06,47,Caffè,Drink,6.05,2.07,2,0,cash,9,Luca,10
685,2025-03-06,50,Lasagna,Food,14.05,6.03,2,0,cash,15,Giulia,22
686,2025-03-07,18,Pizza Margherita,Food,5.33,2.39,1,0,card,2,Sara,22
687,2025-03-07,64,Caffè,Drink,17.57,4.45,2,0,card,13,Luca,10
688,2025-03-07,52,Pizza Diavola,Food,15.49,5.94,1,5,pos,10,Marco,10
689,2025-03-07,119,Pizza Diavola,Food,14.56,5.06,1,0,pos,1,Marco,22
690,2025-03-07,90,Pasta Carbonara,Food,7.24,1.88,1,0,card,10,Marco,10
691,2025-03-07,107,Tiramisù,Dessert,15.63,4.24,1,5,cash,13,Marco,10
692,2025-03-07,55,Acqua,Drink,13.82,4.35,3,10,card,14,Marco,10
693,2025-03-07,98,Pizza Margherita,Food,7.25,1.9,3,0,card,3,Sara,10
694,2025-03-08,22,Birra,Drink,17.03,4.4,1,0,cash,1,Giulia,22
695,2025-03-08,11,Pizza Margherita,Food,7.33,1.96,1,10,card,12,Giulia,22
696,2025-03-08,89,Pasta Carbonara,Food,6.86,2.09,1,5,cash,3,Luca,22
697,2025-03-08,77,Pasta Carbonara,Food,11.5,5.06,3,0,card,1,Marco,22
698,2025-03-08,25,Pizza Diavola,Food,17.7,6.62,3,10,card,13,Marco,10
699,2025-03-08,36,Pizza Margherita,Food,6.46,1.81,1,5,cash,3,Luca,22
700,2025-03-08,7,Acqua,Drink,7.72,2.32,2,10,cash,2,Luca,22
701,2025-03-08,119,Caffè,Drink,7.05,1.8,1,10,cash,15,Marco,10
702,2025-03-08,93,Birra,Drink,12.54,4.19,3,0,cash,6,Marco,10
703,2025-03-08,13,Lasagna,Food,10.36,3.0,3,0,card,10,Giulia,10
704,2025-03-08,7,Vino Rosso,Drink,7.81,2.9,1,0,card,3,Giulia,22
705,2025-03-08,93,Lasagna,Food,9.66,2.94,3,0,cash,12,Luca,10
706,2025-03-08,36,Pasta Carbonara,Food,16.07,5.49,1,0,cash,15,Sara,22
707,2025-03-09,21,Tiramisù,Dessert,12.52,4.51,1,0,card,14,Giulia,10
708,2025-03-09,111,Lasagna,Food,11.16,3.82,3,0,pos,14,Marco,22
709,2025-03-09,32,Acqua,Drink,12.53,5.37,2,10,pos,15,Luca,10
710,2025-03-09,54,Pizza Margherita,Food,17.89,7.1,1,10,card,9,Giulia,10
711,2025-03-09,62,Pizza Diavola,Food,11.44,3.05,2,0,cash,3,Sara,22
712,2025-03-09,38,Lasagna,Food,17.99,4.55,3,0,pos,8,Luca,10
713,2025-03-09,59,Birra,Drink,16.36,5.42,1,0,pos,11,Luca,22
714,2025-03-09,111,Pizza Diavola,Food,16.61,5.26,2,0,card,13,Sara,22
715,2025-03-09,90,Tiramisù,Dessert,12.48,3.64,3,0,pos,15,Luca,22
716,2025-03-09,66,Acqua,Drink,6.44,2.08,1,10,card,6,Marco,10
717,2025-03-09,83,Caffè,Drink,5.87,2.3,3,0,card,4,Luca,10
718,2025-03-09,84,Birra,Drink,17.21,6.3,3,0,card,6,Sara,10
719,2025-03-09,65,Vino Rosso,Drink,5.71,1.85,2,5,pos,9,Luca,22
720,2025-03-09,61,Caffè,Drink,15.73,6.76,3,5,pos,12,Luca,22
721,2025-03-10,115,Birra,Drink,6.04,2.59,1,0,cash,3,Sara,10
722,2025-03-10,15,Pasta Carbonara,Food,6.96,2.02,2,0,card,11,Marco,22
723,2025-03-10,61,Acqua,Drink,10.77,4.08,2,0,cash,1,Marco,10
724,2025-03-10,107,Caffè,Drink,9.37,3.43,3,0,pos,11,Giulia,22
725,2025-03-10,59,Insalata,Food,6.72,2.74,3,0,cash,8,Sara,22
726,2025-03-10,37,Pizza Margherita,Food,9.59,3.27,1,0,pos,9,Sara,10
727,2025-03-10,24,Pasta Carbonara,Food,14.01,5.37,3,0,cash,2,Luca,10
728,2025-03-10,41,Tiramisù,Dessert,10.73,3.48,1,0,pos,6,Sara,10
729,2025-03-11,48,Birra,Drink,17.68,6.31,3,0,card,15,Giulia,10
730,2025-03-11,99,Pasta Carbonara,Food,17.06,4.8,2,10,pos,12,Sara,22
731,2025-03-11,61,Insalata,Food,13.67,5.6,3,5,pos,2,Giulia,22
732,2025-03-11,116,Pizza Margherita,Food,13.81,3.78,1,0,pos,14,Marco,22
733,2025-03-11,58,Acqua,Drink,9.24,3.43,1,0,card,4,Luca,10
734,2025-03-11,11,Caffè,Drink,13.8,6.09,2,10,cash,8,Sara,22
735,2025-03-11,78,Tiramisù,Dessert,17.26,7.45,3,0,cash,12,Giulia,22
736,2025-03-12,50,Acqua,Drink,8.7,2.79,1,5,cash,12,Giulia,10
737,2025-03-12,95,Vino Rosso,Drink,8.75,3.6,2,5,cash,14,Luca,22
738,2025-03-12,19,Lasagna,Food,11.17,4.73,2,0,pos,13,Giulia,10
739,2025-03-12,12,Pizza Margherita,Food,13.3,4.05,2,0,pos,10,Marco,22
740,2025-03-12,26,Pasta Carbonara,Food,8.76,3.05,2,0,card,9,Giulia,22
741,2025-03-12,29,Pizza Margherita,Food,7.0,2.17,1,5,pos,11,Sara,10
742,2025-03-12,54,Pasta Carbonara,Food,16.79,6.36,2,0,card,8,Luca,10
743,2025-03-12,77,Acqua,Drink,11.25,3.79,3,0,pos,14,Luca,22
744,2025-03-12,48,Caffè,Drink,12.48,5.23,3,0,cash,6,Giulia,10
745,2025-03-12,113,Pasta Carbonara,Food,7.12,2.17,2,5,cash,5,Sara,22
746,2025-03-13,82,Pizza Diavola,Food,7.52,2.82,3,0,pos,6,Sara,10
747,2025-03-13,106,Insalata,Food,13.91,5.39,2,0,cash,1,Marco,22
748,2025-03-13,67,Insalata,Food,15.12,5.03,2,0,cash,3,Marco,10
749,2025-03-13,107,Lasagna,Food,12.97,5.4,3,10,card,8,Luca,10
750,2025-03-13,15,Pasta Carbonara,Food,11.23,3.51,1,0,card,15,Sara,10
751,2025-03-13,23,Insalata,Food,14.68,4.02,1,0,pos,4,Sara,10
752,2025-03-13,17,Lasagna,Food,17.75,5.95,1,0,cash,13,Giulia,10
753,2025-03-13,97,Vino Rosso,Drink,7.55,1.94,1,10,card,2,Sara,10
754,2025-03-13,6,Pizza Diavola,Food,13.68,5.48,2,0,pos,15,Marco,10
755,2025-03-13,24,Acqua,Drink,6.18,2.59,1,0,card,3,Marco,22
756,2025-03-13,65,Tiramisù,Dessert,6.29,2.3,1,0,pos,4,Sara,10
757,2025-03-13,22,Caffè,Drink,17.66,4.76,1,0,card,12,Marco,22
758,2025-03-13,57,Pizza Diavola,Food,15.85,7.07,1,5,pos,4,Giulia,10
759,2025-03-14,98,Acqua,Drink,11.06,3.91,1,5,pos,5,Luca,22
760,2025-03-14,11,Acqua,Drink,6.5,1.99,2,10,pos,14,Giulia,22
761,2025-03-14,29,Caffè,Drink,8.78,3.7,2,0,card,11,Sara,10
762,2025-03-14,23,Pizza Margherita,Food,11.39,3.09,3,5,cash,3,Giulia,10
763,2025-03-14,52,Tiramisù,Dessert,14.64,6.27,1,0,card,4,Sara,10
764,2025-03-14,26,Tiramisù,Dessert,6.6,2.76,2,5,pos,13,Sara,22
765,2025-03-15,52,Acqua,Drink,13.67,6.02,2,5,cash,13,Giulia,22
766,2025-03-15,14,Pizza Diavola,Food,11.36,3.36,2,0,cash,12,Luca,10
767,2025-03-15,107,Pizza Diavola,Food,13.82,6.14,2,5,cash,5,Luca,22
768,2025-03-15,98,Pizza Diavola,Food,14.77,5.96,3,5,card,11,Giulia,10
769,2025-03-15,63,Caffè,Drink,12.05,4.96,2,10,cash,7,Luca,10
770,2025-03-15,50,Birra,Drink,16.09,5.45,2,0,cash,9,Sara,10
771,2025-03-15,114,Pasta Carbonara,Food,10.6,3.31,2,5,cash,10,Giulia,22
772,2025-03-15,85,Caffè,Drink,12.01,4.13,3,10,pos,1,Giulia,10
773,2025-03-15,34,Birra,Drink,17.62,6.58,3,0,card,1,Luca,22
774,2025-03-15,76,Pizza Margherita,Food,15.88,5.08,1,10,pos,6,Giulia,10
775,2025-03-15,13,Vino Rosso,Drink,17.9,5.95,2,0,cash,4,Sara,10
776,2025-03-15,76,Pizza Diavola,Food,5.85,1.82,3,0,cash,9,Sara,10
777,2025-03-15,5,Birra,Drink,16.22,5.9,3,5,cash,12,Giulia,22
778,2025-03-15,76,Pizza Margherita,Food,9.91,3.25,2,10,card,2,Marco,10
779,2025-03-15,44,Birra,Drink,15.55,5.96,3,0,card,7,Marco,22
780,2025-03-16,82,Pizza Diavola,Food,7.78,2.36,3,0,cash,10,Luca,22
781,2025-03-16,92,Tiramisù,Dessert,12.69,3.87,1,10,card,4,Sara,22
782,2025-03-16,102,Pizza Diavola,Food,15.71,5.51,3,0,pos,9,Sara,22
783,2025-03-16,26,Vino Rosso,Drink,8.27,2.92,2,10,cash,11,Marco,10
784,2025-03-16,74,Birra,Drink,13.59,5.64,1,5,pos,9,Giulia,22
785,2025-03-16,120,Tiramisù,Dessert,13.15,4.66,3,0,cash,4,Marco,22
786,2025-03-16,96,Insalata,Food,10.33,4.36,2,0,card,5,Sara,10
787,2025-03-16,83,Pasta Carbonara,Food,13.93,4.14,2,0,cash,4,Luca,10
788,2025-03-16,32,Insalata,Food,11.31,5.07,2,5,cash,3,Sara,10
789,2025-03-16,18,Pizza Margherita,Food,15.27,4.67,2,10,pos,14,Luca,10
790,2025-03-16,93,Birra,Drink,5.72,2.46,1,0,cash,15,Giulia,22
791,2025-03-16,115,Acqua,Drink,13.55,3.63,3,0,cash,10,Luca,10
792,2025-03-17,86,Tiramisù,Dessert,8.27,3.53,3,0,card,6,Giulia,10
793,2025-03-17,104,Lasagna,Food,7.83,2.12,2,0,card,7,Sara,22
794,2025-03-17,111,Tiramisù,Dessert,11.37,3.69,1,0,pos,7,Giulia,22
795,2025-03-17,88,Lasagna,Food,16.43,7.19,2,0,pos,6,Sara,22
796,2025-03-17,3,Tiramisù,Dessert,15.94,6.1,1,0,card,9,Giulia,10
797,2025-03-17,40,Acqua,Drink,6.59,2.79,3,5,cash,15,Giulia,22
798,2025-03-17,119,Insalata,Food,6.17,2.56,2,0,cash,14,Marco,22
799,2025-03-17,118,Birra,Drink,9.12,3.76,3,5,card,14,Luca,10
800,2025-03-17,106,Birra,Drink,14.58,6.35,2,0,cash,14,Marco,22
801,2025-03-17,90,Insalata,Food,5.86,1.96,3,10,card,12,Luca,22
802,2025-03-17,98,Pizza Margherita,Food,13.34,5.02,3,0,card,4,Sara,10
803,2025-03-17,41,Tiramisù,Dessert,6.44,1.93,1,0,card,8,Giulia,22
804,2025-03-17,112,Pasta Carbonara,Food,7.26,2.68,2,0,cash,2,Giulia,22
805,2025-03-18,24,Vino Rosso,Drink,17.28,7.38,2,0,cash,15,Marco,10
806,2025-03-18,117,Pizza Diavola,Food,7.58,2.96,2,0,card,10,Giulia,10
807,2025-03-18,77,Insalata,Food,6.16,1.99,1,10,cash,12,Giulia,10
808,2025-03-18,99,Birra,Drink,11.42,3.37,3,0,card,5,Giulia,10
809,2025-03-18,49,Pasta Carbonara,Food,16.13,5.97,2,0,card,3,Giulia,10
810,2025-03-18,102,Pasta Carbonara,Food,8.77,2.65,1,10,cash,6,Giulia,22
811,2025-03-18,11,Pizza Margherita,Food,6.73,2.12,2,5,pos,7,Giulia,10
812,2025-03-18,95,Tiramisù,Dessert,5.95,2.15,2,0,cash,8,Sara,22
813,2025-03-18,78,Tiramisù,Dessert,14.73,3.82,3,0,card,7,Sara,22
814,2025-03-18,17,Caffè,Drink,12.55,3.79,1,10,card,15,Giulia,22
815,2025-03-19,12,Acqua,Drink,11.9,3.31,3,0,cash,3,Giulia,22
816,2025-03-19,112,Insalata,Food,9.69,3.26,3,0,pos,6,Giulia,22
817,2025-03-19,115,Pasta Carbonara,Food,14.58,5.08,2,0,cash,4,Marco,22
818,2025-03-19,7,Lasagna,Food,5.47,1.65,1,5,cash,15,Giulia,22
819,2025-03-19,6,Birra,Drink,17.85,6.46,2,5,cash,14,Marco,22
820,2025-03-19,16,Acqua,Drink,7.65,2.35,1,0,pos,15,Marco,22
821,2025-03-19,75,Pizza Margherita,Food,14.97,4.28,3,0,card,11,Luca,10
822,2025-03-20,4,Insalata,Food,17.76,4.87,3,0,card,3,Luca,10
823,2025-03-20,11,Birra,Drink,13.57,4.62,3,0,card,1,Giulia,10
824,2025-03-20,42,Tiramisù,Dessert,7.75,2.01,1,0,cash,12,Luca,22
825,2025-03-20,71,Tiramisù,Dessert,6.2,1.87,2,0,cash,1,Marco,22
826,2025-03-20,21,Vino Rosso,Drink,8.7,3.48,2,0,card,8,Giulia,10
827,2025-03-20,95,Insalata,Food,12.85,4.14,3,0,pos,4,Giulia,22
828,2025-03-20,58,Vino Rosso,Drink,8.49,3.14,2,0,card,10,Marco,22
829,2025-03-20,56,Vino Rosso,Drink,5.53,1.76,1,5,pos,11,Marco,10
830,2025-03-20,120,Birra,Drink,13.18,4.68,3,0,card,2,Giulia,22
831,2025-03-20,39,Pasta Carbonara,Food,13.9,4.31,1,0,card,10,Luca,22
832,2025-03-21,10,Pizza Margherita,Food,6.4,2.14,3,0,pos,12,Sara,22
833,2025-03-21,46,Insalata,Food,6.06,2.13,3,0,cash,13,Marco,22
834,2025-03-21,108,Vino Rosso,Drink,6.08,2.59,1,0,pos,12,Giulia,22
835,2025-03-21,97,Birra,Drink,15.5,4.93,3,0,cash,2,Sara,10
836,2025-03-21,112,Pizza Diavola,Food,11.95,3.0,2,0,cash,11,Giulia,10
837,2025-03-21,59,Vino Rosso,Drink,17.56,6.5,3,5,pos,14,Sara,22
838,2025-03-21,89,Vino Rosso,Drink,6.14,1.7,2,0,cash,12,Marco,10
839,2025-03-21,110,Pizza Margherita,Food,11.25,3.14,1,0,pos,14,Marco,22
840,2025-03-21,12,Insalata,Food,6.93,2.32,2,0,cash,12,Giulia,10
841,2025-03-21,63,Birra,Drink,16.18,5.94,1,0,pos,14,Giulia,22
842,2025-03-21,7,Acqua,Drink,6.33,2.66,1,5,card,12,Sara,22
843,2025-03-21,5,Birra,Drink,11.32,4.17,2,10,cash,12,Luca,22
844,2025-03-21,68,Pizza Margherita,Food,12.49,4.5,2,0,card,2,Giulia,22
845,2025-03-22,83,Acqua,Drink,14.07,3.58,2,0,card,6,Giulia,10
846,2025-03-22,30,Caffè,Drink,12.64,4.89,1,10,cash,15,Sara,22
847,2025-03-22,93,Vino Rosso,Drink,15.83,6.09,2,0,cash,10,Marco,22
848,2025-03-22,37,Pizza Diavola,Food,11.28,3.21,3,0,cash,13,Giulia,22
849,2025-03-22,64,Insalata,Food,7.72,2.0,1,0,card,6,Marco,22
850,2025-03-22,23,Caffè,Drink,15.49,4.92,1,0,cash,9,Marco,10
851,2025-03-22,63,Insalata,Food,15.2,6.14,2,10,cash,14,Luca,22
852,2025-03-22,91,Pizza Margherita,Food,15.39,6.81,2,0,pos,10,Luca,10
853,2025-03-22,106,Caffè,Drink,11.59,3.28,1,0,card,3,Sara,10
854,2025-03-22,91,Birra,Drink,11.48,4.87,3,0,card,14,Marco,22
855,2025-03-22,16,Lasagna,Food,17.61,7.11,2,0,card,6,Sara,10
856,2025-03-22,65,Pasta Carbonara,Food,8.46,3.33,1,5,pos,11,Marco,22
857,2025-03-22,20,Caffè,Drink,15.23,4.23,2,5,card,15,Giulia,22
858,2025-03-22,110,Caffè,Drink,9.7,2.48,3,0,pos,13,Luca,10
859,2025-03-23,44,Acqua,Drink,17.77,5.03,2,0,cash,11,Marco,22
860,2025-03-23,116,Tiramisù,Dessert,17.71,7.9,1,10,card,7,Sara,22
861,2025-03-23,93,Acqua,Drink,5.1,1.56,2,10,pos,7,Giulia,10
862,2025-03-23,83,Lasagna,Food,13.12,4.9,3,5,pos,7,Marco,22
863,2025-03-23,113,Insalata,Food,5.48,1.74,1,0,cash,2,Sara,22
864,2025-03-23,67,Acqua,Drink,7.08,1.81,3,10,cash,14,Sara,22
865,2025-03-24,65,Pizza Diavola,Food,5.78,1.88,3,10,cash,1,Luca,22
866,2025-03-24,58,Insalata,Food,14.58,4.97,3,0,card,5,Sara,10
867,2025-03-24,86,Tiramisù,Dessert,6.82,2.22,3,0,card,9,Marco,10
868,2025-03-24,106,Acqua,Drink,6.27,2.46,2,5,cash,1,Giulia,10
869,2025-03-24,114,Pasta Carbonara,Food,7.79,2.07,2,10,pos,9,Giulia,22
870,2025-03-24,112,Insalata,Food,11.48,3.84,3,5,pos,7,Marco,22
871,2025-03-24,19,Caffè,Drink,11.3,3.86,1,10,pos,4,Giulia,10
872,2025-03-24,61,Pizza Margherita,Food,7.04,2.55,3,0,cash,2,Sara,22
873,2025-03-24,74,Insalata,Food,11.8,3.23,1,0,card,5,Giulia,22
874,2025-03-24,4,Pasta Carbonara,Food,15.19,5.08,1,0,cash,3,Giulia,22
875,2025-03-24,1,Pizza Diavola,Food,9.53,4.04,3,5,pos,5,Giulia,22
876,2025-03-25,101,Vino Rosso,Drink,15.85,6.61,2,0,pos,11,Giulia,10
877,2025-03-25,98,Birra,Drink,10.84,4.59,3,0,pos,11,Giulia,10
878,2025-03-25,50,Lasagna,Food,9.41,2.44,2,5,pos,2,Marco,22
879,2025-03-25,91,Pizza Margherita,Food,13.19,5.33,3,0,pos,9,Luca,10
880,2025-03-25,25,Tiramisù,Dessert,12.5,3.26,3,10,card,9,Luca,10
881,2025-03-25,16,Caffè,Drink,17.51,5.34,1,0,pos,14,Giulia,10
882,2025-03-25,11,Caffè,Drink,9.17,3.37,3,5,card,7,Marco,10
883,2025-03-25,54,Pizza Margherita,Food,9.13,2.75,3,0,pos,3,Sara,10
884,2025-03-25,19,Pasta Carbonara,Food,14.99,4.21,2,5,cash,10,Sara,10
885,2025-03-25,24,Pizza Margherita,Food,5.76,1.89,3,0,card,15,Sara,10
886,2025-03-26,49,Pizza Diavola,Food,7.63,3.06,1,10,card,9,Giulia,10
887,2025-03-26,15,Insalata,Food,9.14,3.3,1,0,cash,7,Marco,22
888,2025-03-26,117,Pizza Margherita,Food,12.2,4.48,2,0,pos,11,Marco,10
889,2025-03-26,39,Tiramisù,Dessert,10.8,4.53,2,10,cash,6,Marco,10
890,2025-03-26,101,Lasagna,Food,17.38,7.69,3,10,cash,1,Giulia,22
891,2025-03-26,107,Tiramisù,Dessert,13.49,3.82,2,0,card,10,Sara,22
892,2025-03-26,108,Vino Rosso,Drink,15.95,4.67,2,10,cash,3,Luca,22
893,2025-03-26,39,Pizza Diavola,Food,14.08,5.86,2,10,card,4,Sara,22
894,2025-03-26,114,Acqua,Drink,8.4,3.36,3,5,cash,11,Sara,22
895,2025-03-27,27,Birra,Drink,9.27,4.01,3,0,pos,8,Luca,10
896,2025-03-27,116,Pizza Margherita,Food,7.26,2.62,3,5,pos,2,Luca,22
897,2025-03-27,69,Pizza Margherita,Food,10.79,2.96,3,5,card,3,Luca,22
898,2025-03-27,16,Birra,Drink,17.17,5.82,2,0,card,11,Sara,10
899,2025-03-27,25,Pizza Diavola,Food,13.13,5.41,3,0,card,6,Luca,10
900,2025-03-27,36,Birra,Drink,14.19,4.14,3,0,cash,14,Sara,22
901,2025-03-27,73,Caffè,Drink,7.22,2.08,2,10,cash,10,Marco,10
902,2025-03-27,96,Pizza Diavola,Food,8.38,3.05,1,0,cash,14,Luca,22
903,2025-03-27,89,Caffè,Drink,8.29,3.0,3,5,card,11,Luca,10
904,2025-03-27,110,Acqua,Drink,15.98,5.3,2,0,card,6,Luca,22
905,2025-03-28,7,Insalata,Food,11.92,3.73,2,5,card,2,Luca,10
906,2025-03-28,95,Lasagna,Food,10.51,2.78,3,0,cash,6,Sara,10
907,2025-03-28,9,Pizza Diavola,Food,11.24,4.63,1,10,card,4,Luca,22
908,2025-03-28,61,Lasagna,Food,15.82,6.55,2,10,cash,13,Giulia,10
909,2025-03-28,98,Pizza Diavola,Food,10.8,2.97,3,0,card,6,Luca,10
910,2025-03-28,101,Pasta Carbonara,Food,16.95,5.74,1,0,cash,2,Luca,22
911,2025-03-28,72,Pizza Margherita,Food,16.05,5.3,2,10,cash,14,Luca,22
912,2025-03-28,59,Vino Rosso,Drink,15.34,6.53,2,10,card,11,Luca,10
913,2025-03-29,67,Acqua,Drink,7.5,2.03,3,10,pos,13,Marco,10
914,2025-03-29,116,Tiramisù,Dessert,13.29,4.0,1,5,pos,10,Giulia,22
915,2025-03-29,24,Lasagna,Food,15.36,4.03,1,0,pos,11,Sara,22
916,2025-03-29,40,Tiramisù,Dessert,15.08,4.21,3,0,card,6,Luca,22
917,2025-03-29,67,Tiramisù,Dessert,13.82,3.61,3,10,card,6,Marco,10
918,2025-03-29,26,Lasagna,Food,9.44,3.62,1,5,pos,10,Sara,22
919,2025-03-29,79,Insalata,Food,9.27,2.51,2,0,cash,15,Luca,22
920,2025-03-29,82,Lasagna,Food,7.99,2.99,3,0,pos,13,Sara,22
921,2025-03-29,104,Vino Rosso,Drink,10.2,4.24,1,0,cash,2,Sara,22
922,2025-03-29,4,Caffè,Drink,6.85,2.32,1,10,cash,1,Marco,22
923,2025-03-29,26,Insalata,Food,7.85,2.37,1,0,pos,4,Marco,22
924,2025-03-29,26,Pizza Margherita,Food,15.96,6.9,1,0,card,11,Luca,10
925,2025-03-30,120,Lasagna,Food,10.93,3.54,2,0,pos,13,Giulia,10
926,2025-03-30,113,Pizza Diavola,Food,6.88,2.99,1,0,pos,7,Sara,10
927,2025-03-30,41,Tiramisù,Dessert,17.7,5.29,2,0,pos,5,Marco,10
928,2025-03-30,42,Lasagna,Food,13.18,4.03,1,0,cash,12,Luca,22
929,2025-03-30,101,Birra,Drink,12.99,3.68,3,5,card,9,Giulia,22
930,2025-03-30,23,Acqua,Drink,9.86,3.83,3,5,card,10,Giulia,22
931,2025-03-30,82,Tiramisù,Dessert,5.48,1.61,3,0,cash,7,Marco,22
932,2025-03-30,40,Vino Rosso,Drink,12.43,5.43,2,0,pos,2,Marco,22
933,2025-03-30,97,Pizza Diavola,Food,10.78,3.45,2,10,card,9,Sara,10
934,2025-03-30,55,Birra,Drink,10.62,3.44,2,5,card,7,Luca,22
935,2025-03-31,57,Lasagna,Food,13.39,4.31,2,0,pos,9,Luca,22
936,2025-03-31,101,Insalata,Food,6.28,1.66,1,0,card,4,Sara,10
937,2025-03-31,33,Insalata,Food,15.6,6.03,3,0,pos,10,Marco,10
938,2025-03-31,110,Caffè,Drink,5.11,1.58,2,0,card,14,Luca,22
939,2025-03-31,61,Caffè,Drink,16.25,4.8,1,0,cash,9,Giulia,22
940,2025-03-31,93,Birra,Drink,15.29,4.78,2,0,pos,7,Marco,22
941,2025-03-31,57,Birra,Drink,5.39,1.5,3,0,pos,1,Giulia,22
